﻿<Ui xmlns="http://www.blizzard.com/wow/ui/">
	<Button name="NDuiAuraTemplate" inherits="SecureActionButtonTemplate, BackdropTemplate" virtual="true" framelevel="4">
		<Size x="30" y="30"/>
		<Attributes>
			<Attribute name="type" value="cancelaura"/>
		</Attributes>
		<Scripts>
			<OnLoad>
				NDui[1]:GetModule("Auras"):CreateAuraIcon(self)
			</OnLoad>
		</Scripts>
	</Button>

	<Button name="NDuiAuraTemplate24" inherits="NDuiAuraTemplate" virtual="true"><Size x="24" y="24"/></Button>
	<Button name="NDuiAuraTemplate25" inherits="NDuiAuraTemplate" virtual="true"><Size x="25" y="25"/></Button>
	<Button name="NDuiAuraTemplate26" inherits="NDuiAuraTemplate" virtual="true"><Size x="26" y="26"/></Button>
	<Button name="NDuiAuraTemplate27" inherits="NDuiAuraTemplate" virtual="true"><Size x="27" y="27"/></Button>
	<Button name="NDuiAuraTemplate28" inherits="NDuiAuraTemplate" virtual="true"><Size x="28" y="28"/></Button>
	<Button name="NDuiAuraTemplate29" inherits="NDuiAuraTemplate" virtual="true"><Size x="29" y="29"/></Button>
	<Button name="NDuiAuraTemplate30" inherits="NDuiAuraTemplate" virtual="true"><Size x="30" y="30"/></Button>
	<Button name="NDuiAuraTemplate31" inherits="NDuiAuraTemplate" virtual="true"><Size x="31" y="31"/></Button>
	<Button name="NDuiAuraTemplate32" inherits="NDuiAuraTemplate" virtual="true"><Size x="32" y="32"/></Button>
	<Button name="NDuiAuraTemplate33" inherits="NDuiAuraTemplate" virtual="true"><Size x="33" y="33"/></Button>
	<Button name="NDuiAuraTemplate34" inherits="NDuiAuraTemplate" virtual="true"><Size x="34" y="34"/></Button>
	<Button name="NDuiAuraTemplate35" inherits="NDuiAuraTemplate" virtual="true"><Size x="35" y="35"/></Button>
	<Button name="NDuiAuraTemplate36" inherits="NDuiAuraTemplate" virtual="true"><Size x="36" y="36"/></Button>
	<Button name="NDuiAuraTemplate37" inherits="NDuiAuraTemplate" virtual="true"><Size x="37" y="37"/></Button>
	<Button name="NDuiAuraTemplate38" inherits="NDuiAuraTemplate" virtual="true"><Size x="38" y="38"/></Button>
	<Button name="NDuiAuraTemplate39" inherits="NDuiAuraTemplate" virtual="true"><Size x="39" y="39"/></Button>
	<Button name="NDuiAuraTemplate40" inherits="NDuiAuraTemplate" virtual="true"><Size x="40" y="40"/></Button>
	<Button name="NDuiAuraTemplate41" inherits="NDuiAuraTemplate" virtual="true"><Size x="41" y="41"/></Button>
	<Button name="NDuiAuraTemplate42" inherits="NDuiAuraTemplate" virtual="true"><Size x="42" y="42"/></Button>
	<Button name="NDuiAuraTemplate43" inherits="NDuiAuraTemplate" virtual="true"><Size x="43" y="43"/></Button>
	<Button name="NDuiAuraTemplate44" inherits="NDuiAuraTemplate" virtual="true"><Size x="44" y="44"/></Button>
	<Button name="NDuiAuraTemplate45" inherits="NDuiAuraTemplate" virtual="true"><Size x="45" y="45"/></Button>
	<Button name="NDuiAuraTemplate46" inherits="NDuiAuraTemplate" virtual="true"><Size x="46" y="46"/></Button>
	<Button name="NDuiAuraTemplate47" inherits="NDuiAuraTemplate" virtual="true"><Size x="47" y="47"/></Button>
	<Button name="NDuiAuraTemplate48" inherits="NDuiAuraTemplate" virtual="true"><Size x="48" y="48"/></Button>
	<Button name="NDuiAuraTemplate49" inherits="NDuiAuraTemplate" virtual="true"><Size x="49" y="49"/></Button>
	<Button name="NDuiAuraTemplate50" inherits="NDuiAuraTemplate" virtual="true"><Size x="50" y="50"/></Button>

	<Button name="NDuiConsolidateTemplate" inherits="BackdropTemplate" virtual="true" framelevel="4">
		<Size x="30" y="30"/>
		<Scripts>
			<OnLoad>
				NDui[1]:GetModule("Auras"):CreateAuraIcon(self)
				ConsolidatedBuffs:SetParent(self)
				ConsolidatedBuffs:ClearAllPoints()
				ConsolidatedBuffs:SetAllPoints(self)
				ConsolidatedBuffsIcon:SetTexture(nil)
				self.icon:SetTexture(135939)
			</OnLoad>
			<OnShow>
				BuffFrame_Update()
			</OnShow>
		</Scripts>
	</Button>

	<Script file="Auras.lua"/>
	<Script file="Reminder.lua"/>
	<Script file="Totems.lua"/>
	<Script file="AuraWatch.lua"/>
	<Include file="Lumos\Lumos.xml"/>
</Ui>