<Ui xmlns="http://www.blizzard.com/wow/ui/">
	<Script file="AddonList.lua"/>
	<Script file="AlertFrames.lua"/>
	<Script file="AudioOptionsFrame.lua"/>
	<Script file="Bags.lua"/>
	<Script file="BattlefieldFrame.lua"/>
	<Script file="CharacterFrame.lua"/>
	<Script file="ChatBubbles.lua"/>
	<Script file="ChatConfigFrame.lua"/>
	<Script file="ChatFrame.lua"/>
	<Script file="ColorPickerFrame.lua"/>
	<Script file="CompactRaidFrames.lua"/>
	<Script file="DressUpFrames.lua"/>
	<Script file="Fonts.lua"/>
	<Script file="FriendsFrame.lua"/>
	<Script file="GameMenuFrame.lua"/>
	<Script file="GossipFrame.lua"/>
	<Script file="GuildRegistrarFrame.lua"/>
	<Script file="HelpFrame.lua"/>
	<Script file="InterfaceOptionsFrame.lua"/>
	<Script file="ItemTextFrame.lua"/>
	<Script file="LootFrame.lua"/>
	<Script file="LootHistory.lua"/>
	<Script file="MailFrame.lua"/>
	<Script file="MainMenuBarMicroButtons.lua"/>
	<Script file="MerchantFrame.lua"/>
	<Script file="ModelPreviewFrame.lua"/>
	<Script file="MovieFrame.lua"/>
	<Script file="NavigationBar.lua"/>
	<Script file="PetitionFrame.lua"/>
	<Script file="PetStable.lua"/>
	<Script file="ProductChoiceFrame.lua"/>
	<Script file="QuestFrame.lua"/>
	<Script file="QuestInfo.lua"/>
	<Script file="RaidFrame.lua"/>
	<Script file="ReadyCheck.lua"/>
	<Script file="ScriptErrorsFrame.lua"/>
	<Script file="SpellBookFrame.lua"/>
	<Script file="StaticPopup.lua"/>
	<Script file="TabardFrame.lua"/>
	<Script file="TaxiFrame.lua"/>
	<Script file="TradeFrame.lua"/>
	<Script file="TutorialFrame.lua"/>
	<Script file="UIDropDownMenu.lua"/>
	<Script file="VideoOptionsFrame.lua"/>
	<Script file="WorldMapFrame.lua"/>
</Ui>